userId,age,profession,monthlyIncome,creditScore,totalSavings,existingEMI,propertyType,budgetRange_min,budgetRange_max,riskToleranceLevel,experienceYears,city,contactPreference
HB0001,40,Doctor,222072,714,2478938,4,1 BHK Apartment,12436064,15258374,Low,18,Mumbai,Phone
HB0002,45,Marketing Executive,41431,818,4320644,3460,1 BHK Apartment,8550189,11897193,Medium,10,Mumbai,Phone
HB0003,30,Lawyer,208130,814,2658115,20319,1 BHK Apartment,8105564,9133992,Medium,16,Mumbai,Email
HB0004,46,Doctor,288605,751,3361683,50825,3 BHK Apartment,13799514,15283380,Medium,4,Mumbai,Phone
HB0005,50,Entrepreneur,158121,744,1983621,26561,1 BHK Apartment,9029972,12574735,Medium,20,Mumbai,Phone
HB0006,42,Consultant,156509,834,3485468,36419,1 BHK Apartment,10763448,13646848,High,19,Mumbai,Email
HB0007,39,Lawyer,104302,734,4180630,29947,Penthouse,5017516,8626154,Medium,15,Mumbai,WhatsApp
HB0008,52,Software Engineer,250256,770,3936127,38473,2 BHK Flat,5444035,6903358,Low,14,Mumbai,Email
HB0009,49,Entrepreneur,158132,792,2783495,30629,2 BHK Flat,8111335,10662748,Medium,12,Mumbai,Email
HB0010,40,Banker,103614,800,3863021,29935,Villa,14244326,18305223,High,4,Mumbai,Email
HB0011,53,Software Engineer,123285,715,2055134,16145,Penthouse,8039228,12850018,Medium,19,Mumbai,WhatsApp
HB0012,28,Marketing Executive,188071,747,3131409,24040,Villa,14308077,18152602,High,8,Mumbai,WhatsApp
HB0013,38,Marketing Executive,221679,727,4329211,63221,3 BHK Apartment,10267292,11840327,High,15,Mumbai,WhatsApp
HB0014,51,Accountant,176701,830,3276043,35276,1 BHK Apartment,12208692,15310181,Medium,12,Mumbai,Email
HB0015,55,Banker,195580,759,1142216,3475,3 BHK Apartment,8137247,10388959,High,12,Mumbai,Phone
HB0016,41,Architect,224982,865,3930288,31051,Villa,14482260,17358598,Medium,17,Mumbai,Email
HB0017,28,Accountant,142364,863,4141674,40881,Penthouse,13519668,17678964,Medium,1,Mumbai,Email
HB0018,26,Consultant,280629,669,4456956,58779,Penthouse,6627381,7881202,High,10,Mumbai,Email
HB0019,26,Accountant,153918,892,1289125,34451,Penthouse,11268254,13725521,High,18,Mumbai,Phone
HB0020,33,Banker,291732,677,3750647,55155,2 BHK Flat,13297105,16573403,Medium,20,Mumbai,Email
HB0021,34,Sales Manager,100660,763,1815073,22901,Penthouse,13694304,15398386,High,18,Mumbai,Phone
HB0022,50,Consultant,178150,756,2956366,42279,1 BHK Apartment,11306227,15090002,Medium,8,Mumbai,Phone
HB0023,25,Architect,178285,865,4256777,15382,3 BHK Apartment,13861567,17458517,Medium,13,Mumbai,Phone
HB0024,35,Entrepreneur,115133,893,3745439,30595,3 BHK Apartment,11309044,16307402,Low,17,Mumbai,WhatsApp
HB0025,31,Doctor,50758,709,2333805,14808,2 BHK Flat,13452370,17195030,High,15,Mumbai,Phone
HB0026,38,Software Engineer,73985,827,726355,21465,Penthouse,8100635,12318856,High,13,Mumbai,Email
HB0027,36,Sales Manager,236452,797,1048313,28117,2 BHK Flat,10226871,14181884,Medium,15,Mumbai,Phone
HB0028,37,Accountant,148861,768,808192,10064,3 BHK Apartment,11758793,14929039,Medium,19,Mumbai,Phone
HB0029,41,Accountant,142636,673,2938433,38262,2 BHK Flat,8222237,9835094,High,3,Mumbai,WhatsApp
HB0030,51,Doctor,119419,800,611176,14370,2 BHK Flat,14810132,17358508,Medium,17,Mumbai,Phone
HB0031,44,Lawyer,273797,716,3466264,7590,3 BHK Apartment,14459311,19418553,Low,15,Mumbai,WhatsApp
HB0032,33,Banker,42763,803,473406,12570,Villa,6583312,9291834,Medium,17,Mumbai,WhatsApp
HB0033,29,Sales Manager,112790,863,1621861,5105,3 BHK Apartment,11874585,15787153,High,13,Mumbai,Email
HB0034,46,Entrepreneur,133831,666,2001381,1051,Penthouse,12096003,14750087,Low,3,Mumbai,Email
HB0035,46,Doctor,69719,868,468577,763,Villa,9750809,10949587,Low,3,Mumbai,Phone
HB0036,52,Accountant,155488,875,1187425,38971,Penthouse,9297301,13363111,Low,17,Mumbai,Email
HB0037,49,Software Engineer,138697,701,760900,38070,1 BHK Apartment,14942080,18013111,Low,19,Mumbai,Email
HB0038,53,Entrepreneur,281498,826,276023,73550,2 BHK Flat,9228245,11035435,Low,16,Mumbai,Phone
HB0039,33,Architect,165760,805,4973096,43885,Villa,6952068,9861388,Medium,7,Mumbai,Phone
HB0040,50,Doctor,285390,695,1084216,43629,Penthouse,9065109,12318329,Low,7,Mumbai,Phone
HB0041,37,Software Engineer,250459,681,2922180,65494,1 BHK Apartment,13072314,16135431,Low,4,Mumbai,Email
HB0042,31,Marketing Executive,258055,731,445402,30843,1 BHK Apartment,8047433,9559100,High,15,Mumbai,WhatsApp
HB0043,29,Lawyer,204850,762,1610534,56858,Villa,9197049,11061394,Medium,5,Mumbai,Phone
HB0044,45,Architect,75146,883,1033720,15151,2 BHK Flat,7645744,11170124,Medium,8,Mumbai,Phone
HB0045,48,Accountant,270040,698,747104,62350,2 BHK Flat,11482923,15323772,High,17,Mumbai,Phone
HB0046,25,Software Engineer,291186,669,585731,9806,2 BHK Flat,13412294,17336160,High,12,Mumbai,WhatsApp
HB0047,43,Doctor,150988,811,879229,41688,1 BHK Apartment,13720822,15682236,Medium,6,Mumbai,Email
HB0048,25,Sales Manager,195942,807,1581103,30881,Penthouse,10710743,12410386,Low,10,Mumbai,Phone
HB0049,30,Lawyer,48821,672,2335190,14000,Villa,14300417,17180462,Low,5,Mumbai,Phone
HB0050,45,Entrepreneur,89179,858,3023942,9391,Penthouse,6062430,10640332,Low,17,Mumbai,Email
HB0051,37,Banker,266546,718,2882025,72905,Penthouse,5690872,9790249,Low,11,Mumbai,Phone
HB0052,36,Architect,267823,807,3789656,21707,Penthouse,11603542,14443054,Low,12,Mumbai,Phone
HB0053,35,Software Engineer,139745,689,1833581,21437,3 BHK Apartment,13622455,17318139,Low,8,Mumbai,Email
HB0054,46,Consultant,182084,706,4649031,614,3 BHK Apartment,10317382,12777855,Low,2,Mumbai,Phone
HB0055,52,Accountant,60303,719,1404715,12679,3 BHK Apartment,12619115,14803256,High,15,Mumbai,Email
HB0056,32,Accountant,226793,698,325712,51874,2 BHK Flat,7133818,11774637,Medium,9,Mumbai,WhatsApp
HB0057,46,Architect,209720,682,3621205,35829,Villa,14650002,19526857,Low,10,Mumbai,Email
HB0058,36,Consultant,230632,658,608900,49594,Villa,6396082,8204371,Medium,20,Mumbai,WhatsApp
HB0059,28,Architect,119963,793,4665790,35150,Penthouse,12818225,14896977,High,10,Mumbai,Email
HB0060,38,Accountant,96166,789,3485461,960,1 BHK Apartment,13756850,17003070,Low,18,Mumbai,Phone
HB0061,32,Marketing Executive,230296,879,2496550,46806,Penthouse,12288954,14629585,High,6,Mumbai,Phone
HB0062,33,Software Engineer,120941,760,215995,9168,3 BHK Apartment,9095446,12468834,Low,12,Mumbai,WhatsApp
HB0063,33,Banker,143521,874,3412939,40555,2 BHK Flat,13439023,17920660,Low,19,Mumbai,WhatsApp
HB0064,38,Entrepreneur,228354,660,4170689,16774,1 BHK Apartment,5470064,9739414,Low,11,Mumbai,Email
HB0065,51,Entrepreneur,143497,795,451143,20771,Villa,5183833,8442888,High,11,Mumbai,WhatsApp
HB0066,36,Accountant,143471,792,3954463,8013,3 BHK Apartment,11536134,15729878,Low,9,Mumbai,Phone
HB0067,41,Lawyer,141991,732,4841347,29524,Villa,12042551,16412364,High,17,Mumbai,Phone
HB0068,35,Consultant,296278,789,2624398,57649,1 BHK Apartment,13600086,18321925,Low,10,Mumbai,Email
HB0069,53,Entrepreneur,87367,877,1675489,11837,2 BHK Flat,9422069,13128896,Low,18,Mumbai,Email
HB0070,32,Software Engineer,148801,867,3176231,566,Penthouse,6617447,10144818,High,12,Mumbai,WhatsApp
HB0071,41,Doctor,190689,780,3189132,48312,1 BHK Apartment,13422533,15250721,Medium,10,Mumbai,Email
HB0072,27,Consultant,57196,881,406456,9078,Villa,12245227,14341604,High,4,Mumbai,Email
HB0073,35,Lawyer,87061,852,2032976,25803,Villa,11991776,13489762,Low,17,Mumbai,Email
HB0074,39,Consultant,61008,895,3835368,13355,2 BHK Flat,10345144,11477940,High,6,Mumbai,Phone
HB0075,50,Architect,104469,782,3574622,26080,Villa,7115419,8984470,Medium,13,Mumbai,WhatsApp
HB0076,44,Sales Manager,198752,810,1566383,8653,3 BHK Apartment,9458001,14170043,High,7,Mumbai,Email
HB0077,49,Banker,139398,774,1689376,24452,Villa,13775532,16312190,Low,1,Mumbai,WhatsApp
HB0078,49,Lawyer,190811,770,2727922,5480,3 BHK Apartment,6434440,8747532,Medium,7,Mumbai,WhatsApp
HB0079,25,Sales Manager,45811,728,4962726,8097,1 BHK Apartment,10942914,13815607,Low,6,Mumbai,Email
HB0080,41,Entrepreneur,142100,843,3457789,18957,Penthouse,6351023,10239471,Low,11,Mumbai,Phone
HB0081,49,Entrepreneur,231767,659,3508600,13930,3 BHK Apartment,12267996,17002667,High,12,Mumbai,Phone
HB0082,46,Doctor,92548,737,732371,26917,1 BHK Apartment,6251904,10961952,Medium,7,Mumbai,Email
HB0083,44,Lawyer,168934,718,420447,24057,2 BHK Flat,6804484,7899162,Low,20,Mumbai,WhatsApp
HB0084,47,Marketing Executive,144921,651,128184,39623,3 BHK Apartment,8464492,9617968,High,11,Mumbai,WhatsApp
HB0085,42,Entrepreneur,248838,717,2516937,47686,2 BHK Flat,10557253,15512003,Low,19,Mumbai,WhatsApp
HB0086,27,Entrepreneur,109372,817,2894124,9298,Penthouse,5227298,6777741,Low,14,Mumbai,WhatsApp
HB0087,52,Doctor,152374,900,1707025,28589,Villa,12121022,14543800,Medium,18,Mumbai,Phone
HB0088,46,Lawyer,110759,709,1287450,21104,Penthouse,12479060,14776300,High,16,Mumbai,Email
HB0089,35,Accountant,250173,748,1460971,44328,1 BHK Apartment,14224007,15454849,Medium,10,Mumbai,Phone
HB0090,51,Sales Manager,197363,884,3729152,4982,Penthouse,12140998,16606629,High,8,Mumbai,Email
HB0091,30,Banker,179775,808,2109140,46615,Penthouse,9946686,11421052,High,20,Mumbai,Email
HB0092,41,Accountant,60827,744,258751,11456,Villa,11649734,15782893,High,3,Mumbai,WhatsApp
HB0093,51,Lawyer,97144,811,2615536,11194,Villa,5524131,9848853,Low,11,Mumbai,Email
HB0094,30,Software Engineer,266479,690,881638,7760,3 BHK Apartment,8809362,13334722,High,11,Mumbai,WhatsApp
HB0095,52,Software Engineer,246132,707,4196297,55198,1 BHK Apartment,9098635,11789648,Medium,14,Mumbai,WhatsApp
HB0096,45,Software Engineer,298569,869,603817,35787,Villa,13114910,17903427,High,18,Mumbai,Email
HB0097,54,Entrepreneur,158192,692,481611,28263,1 BHK Apartment,8667254,11197094,Medium,4,Mumbai,Phone
HB0098,27,Doctor,206761,696,3396701,3361,Villa,5639528,7500712,Medium,15,Mumbai,WhatsApp
HB0099,32,Lawyer,235852,796,4673543,24465,2 BHK Flat,13778522,16004629,High,6,Mumbai,Phone
HB0100,46,Accountant,162341,724,1024789,39870,1 BHK Apartment,6328514,8192279,High,15,Mumbai,Email
HB0101,45,Sales Manager,281356,696,3795795,69105,Penthouse,9357865,14004341,Low,1,Mumbai,WhatsApp
HB0102,49,Software Engineer,45128,778,366737,12384,Penthouse,5015182,7045395,Low,15,Mumbai,Email
HB0103,30,Software Engineer,231426,667,4824373,22267,Penthouse,14658328,18371122,High,15,Mumbai,WhatsApp
HB0104,42,Banker,183786,732,1268763,12646,Villa,9437736,12032938,High,11,Mumbai,Phone
HB0105,53,Architect,270680,709,3203782,57115,1 BHK Apartment,10262644,12201213,High,20,Mumbai,WhatsApp
HB0106,48,Doctor,224716,744,3894870,60126,1 BHK Apartment,9882554,12375006,High,12,Mumbai,Email
HB0107,50,Doctor,172047,847,4786427,11599,Penthouse,8673642,10290678,Low,17,Mumbai,Email
HB0108,39,Entrepreneur,96729,711,1362464,22086,Penthouse,8554758,10979848,Low,5,Mumbai,Email
HB0109,28,Architect,99343,811,4595805,28234,1 BHK Apartment,12168252,14352953,Medium,6,Mumbai,WhatsApp
HB0110,53,Lawyer,227081,874,1811188,60034,1 BHK Apartment,8190888,10183169,High,8,Mumbai,WhatsApp
HB0111,25,Doctor,180829,892,2995002,38492,1 BHK Apartment,9400632,11222191,High,10,Mumbai,WhatsApp
HB0112,27,Software Engineer,60288,705,811185,3995,3 BHK Apartment,6170459,8556549,High,19,Mumbai,WhatsApp
HB0113,31,Architect,279339,888,4161374,18940,1 BHK Apartment,11929078,14814058,Medium,5,Mumbai,WhatsApp
HB0114,54,Consultant,49620,763,4824799,7067,3 BHK Apartment,9675482,12970166,High,1,Mumbai,WhatsApp
HB0115,29,Architect,88601,741,2297592,8646,Villa,5508241,8613389,Medium,4,Mumbai,Phone
HB0116,50,Consultant,144621,894,3142363,15750,2 BHK Flat,10438623,13702569,High,12,Mumbai,Phone
HB0117,42,Consultant,286727,753,4981720,84049,3 BHK Apartment,13571031,17220477,High,6,Mumbai,WhatsApp
HB0118,34,Lawyer,71259,847,4318658,1358,3 BHK Apartment,14225433,16357188,Medium,12,Mumbai,Phone
HB0119,41,Entrepreneur,298093,872,1181189,84522,1 BHK Apartment,6620670,8618201,Medium,13,Mumbai,WhatsApp
HB0120,42,Accountant,250276,775,1451679,32852,3 BHK Apartment,9397428,11556636,High,19,Mumbai,Phone
HB0121,48,Marketing Executive,62113,764,3485031,16852,1 BHK Apartment,8376923,10272487,High,11,Mumbai,Phone
HB0122,38,Accountant,203098,851,4540505,31316,3 BHK Apartment,5590906,6922611,Low,9,Mumbai,Email
HB0123,55,Sales Manager,58834,774,3725189,4288,1 BHK Apartment,12606249,17294457,Medium,10,Mumbai,Email
HB0124,38,Consultant,169243,701,1864967,20318,Villa,6027009,8386434,Medium,1,Mumbai,WhatsApp
HB0125,29,Accountant,230578,812,2264147,22199,3 BHK Apartment,12237765,15329846,Low,7,Mumbai,Phone
HB0126,32,Lawyer,284713,894,473921,82685,2 BHK Flat,6363753,7651857,Medium,1,Mumbai,Phone
HB0127,25,Marketing Executive,247380,868,4858101,49832,3 BHK Apartment,12218656,17137215,Low,1,Mumbai,Phone
HB0128,26,Marketing Executive,209579,774,1228756,11326,3 BHK Apartment,8457395,10682417,Medium,19,Mumbai,WhatsApp
HB0129,25,Consultant,102014,731,153211,3701,Villa,9807892,14037820,Low,18,Mumbai,Email
HB0130,34,Consultant,118648,757,3483845,17807,Villa,5948157,7297558,Medium,15,Mumbai,Email
HB0131,35,Accountant,220726,667,1512138,47736,1 BHK Apartment,11549815,15027378,High,5,Mumbai,Email
HB0132,45,Software Engineer,70742,873,4308397,1872,Penthouse,14933888,16056768,Medium,9,Mumbai,Email
HB0133,38,Accountant,84831,776,3837322,20598,Penthouse,10072629,12497746,High,9,Mumbai,Email
HB0134,47,Doctor,205763,748,4290453,9169,Villa,11842763,12965297,High,4,Mumbai,WhatsApp
HB0135,42,Lawyer,244894,874,2108836,54127,1 BHK Apartment,10046322,11091652,Low,11,Mumbai,WhatsApp
HB0136,40,Marketing Executive,164664,859,4502444,47099,1 BHK Apartment,13182869,17839691,Low,10,Mumbai,Email
HB0137,35,Entrepreneur,173646,714,3015159,32851,Penthouse,8079555,11523473,High,4,Mumbai,Email
HB0138,25,Doctor,296983,879,4373028,31606,1 BHK Apartment,6059426,8562811,Low,8,Mumbai,WhatsApp
HB0139,33,Entrepreneur,112275,664,2579354,24155,3 BHK Apartment,12069365,14618518,Medium,6,Mumbai,WhatsApp
HB0140,30,Sales Manager,177263,746,2523208,33681,2 BHK Flat,7441918,11675898,Medium,11,Mumbai,Phone
HB0141,55,Software Engineer,71516,734,4524168,18064,3 BHK Apartment,13391022,16114253,High,6,Mumbai,Email
HB0142,29,Entrepreneur,282058,842,2752082,37240,2 BHK Flat,13606735,15973941,High,9,Mumbai,Email
HB0143,43,Marketing Executive,89204,684,3666407,20006,1 BHK Apartment,6732781,9720705,Low,3,Mumbai,WhatsApp
HB0144,41,Banker,70383,802,745119,13726,Penthouse,12312831,14931614,Low,18,Mumbai,WhatsApp
HB0145,26,Entrepreneur,155556,770,3393047,15970,Penthouse,6618360,10729532,Low,11,Mumbai,WhatsApp
HB0146,46,Sales Manager,233608,855,448942,29854,Penthouse,14370955,16140439,Medium,7,Mumbai,Email
HB0147,25,Software Engineer,59579,808,399762,10256,Villa,6909925,10180436,Low,20,Mumbai,WhatsApp
HB0148,31,Lawyer,57449,682,3076979,6588,Villa,9814605,14758630,Low,10,Mumbai,Email
HB0149,49,Marketing Executive,157040,673,815696,1110,Villa,5296990,8662540,Medium,6,Mumbai,Email
HB0150,30,Architect,247636,827,3728462,58281,2 BHK Flat,14349003,19131273,High,5,Mumbai,WhatsApp
HB0151,43,Architect,233001,676,446195,33273,1 BHK Apartment,12988721,17698404,Low,3,Mumbai,Phone
HB0152,41,Marketing Executive,114995,793,4339045,26537,Villa,10844989,15426489,Low,11,Mumbai,WhatsApp
HB0153,25,Architect,252271,860,2081286,27774,Penthouse,8526164,13196799,Low,12,Mumbai,Phone
HB0154,35,Doctor,59494,707,1989958,3886,1 BHK Apartment,5536895,9638089,High,1,Mumbai,Email
HB0155,38,Accountant,54670,760,4799630,12310,Villa,6294661,8391510,Low,14,Mumbai,WhatsApp
HB0156,27,Software Engineer,99579,679,4956897,26494,3 BHK Apartment,13981036,18191127,Low,20,Mumbai,Email
HB0157,38,Sales Manager,233361,686,3784337,21758,3 BHK Apartment,6806650,8105688,Medium,4,Mumbai,WhatsApp
HB0158,52,Doctor,106697,879,1022814,2673,1 BHK Apartment,11872979,15018905,High,9,Mumbai,Phone
HB0159,28,Software Engineer,94004,846,3280071,18899,Penthouse,12126431,15321446,Low,18,Mumbai,Email
HB0160,49,Entrepreneur,114374,858,2145742,29947,3 BHK Apartment,7175777,10952591,Low,16,Mumbai,Email
HB0161,39,Entrepreneur,190051,800,3005364,55501,Penthouse,7770827,10368335,Medium,8,Mumbai,Email
HB0162,32,Doctor,112662,754,2402196,8539,Penthouse,8615296,10526452,High,9,Mumbai,WhatsApp
HB0163,35,Sales Manager,144400,818,3760861,41410,Villa,5265354,9200109,High,9,Mumbai,WhatsApp
HB0164,54,Consultant,224851,657,2048004,31352,2 BHK Flat,13184255,16020135,High,5,Mumbai,Email
HB0165,28,Sales Manager,242148,740,171131,66906,3 BHK Apartment,14740622,18400740,Medium,14,Mumbai,Email
HB0166,40,Marketing Executive,201314,841,2272889,50323,2 BHK Flat,14159186,17778832,High,10,Mumbai,Phone
HB0167,50,Accountant,129170,747,4814903,35491,2 BHK Flat,12471524,16011598,High,7,Mumbai,WhatsApp
HB0168,54,Consultant,271783,739,678083,35110,Penthouse,7424018,8845191,Low,19,Mumbai,WhatsApp
HB0169,31,Architect,206858,669,728370,13790,Penthouse,8911403,10128049,Low,14,Mumbai,Email
HB0170,49,Entrepreneur,289686,653,2127427,7180,Villa,8959498,11304984,High,9,Mumbai,WhatsApp
HB0171,28,Consultant,277795,694,254352,43164,Villa,12004129,16150428,Low,16,Mumbai,Email
HB0172,25,Banker,69506,812,3545361,17723,1 BHK Apartment,5176141,10018708,Low,19,Mumbai,WhatsApp
HB0173,28,Entrepreneur,297283,723,579331,15059,1 BHK Apartment,8837375,13258913,Low,5,Mumbai,Email
HB0174,53,Entrepreneur,157840,776,4419125,8194,Penthouse,12534640,13587843,High,9,Mumbai,Phone
HB0175,53,Software Engineer,163880,738,4290567,47319,Villa,7623251,10782965,Low,11,Mumbai,Phone
HB0176,29,Consultant,265292,777,2277333,45994,2 BHK Flat,5314684,7300044,High,20,Mumbai,Email
HB0177,46,Lawyer,108982,700,920867,13074,3 BHK Apartment,10633511,14704525,High,4,Mumbai,WhatsApp
HB0178,25,Lawyer,181770,841,3746878,25238,2 BHK Flat,14042415,16657960,Medium,9,Mumbai,Phone
HB0179,51,Banker,44321,740,2083286,3236,2 BHK Flat,10805332,12299334,Medium,7,Mumbai,WhatsApp
HB0180,44,Software Engineer,133838,873,1002091,40043,Villa,7347722,12313908,Low,7,Mumbai,Email
HB0181,37,Accountant,116030,770,1130151,9491,1 BHK Apartment,9268066,10307823,High,14,Mumbai,WhatsApp
HB0182,32,Sales Manager,183229,773,1324798,29986,3 BHK Apartment,5600125,9040043,Medium,3,Mumbai,WhatsApp
HB0183,44,Lawyer,258673,784,1783951,70625,Penthouse,12123868,14245274,Low,12,Mumbai,Email
HB0184,43,Doctor,74546,822,1570227,11282,1 BHK Apartment,5112460,8050871,High,11,Mumbai,Phone
HB0185,47,Entrepreneur,102403,670,2167235,24272,Villa,9635622,11622708,Medium,19,Mumbai,Phone
HB0186,28,Lawyer,162542,845,2404643,32141,Penthouse,8640921,10102675,Low,6,Mumbai,WhatsApp
HB0187,47,Marketing Executive,291512,740,703994,9002,Penthouse,11503390,13640053,Low,15,Mumbai,Email
HB0188,44,Lawyer,273689,872,2776687,44002,2 BHK Flat,13813067,16830792,High,19,Mumbai,Email
HB0189,46,Banker,171710,681,2876958,27171,2 BHK Flat,8171026,10800996,High,10,Mumbai,Email
HB0190,41,Lawyer,298898,841,3977042,21709,2 BHK Flat,12921620,16125517,Low,3,Mumbai,WhatsApp
HB0191,45,Consultant,96136,756,4998218,7951,3 BHK Apartment,5542158,9967488,High,5,Mumbai,Phone
HB0192,50,Sales Manager,189664,873,1652173,21828,Penthouse,11211990,14577364,High,12,Mumbai,WhatsApp
HB0193,26,Accountant,114806,811,3940310,29174,Penthouse,6368745,8924684,Low,6,Mumbai,WhatsApp
HB0194,45,Architect,276420,882,4907334,53131,Penthouse,14869971,16436653,Medium,14,Mumbai,WhatsApp
HB0195,51,Marketing Executive,257447,746,4563971,31802,2 BHK Flat,13580482,18285556,High,9,Mumbai,Email
HB0196,46,Banker,128412,729,781087,6945,Villa,6603966,11043391,Low,11,Mumbai,WhatsApp
HB0197,50,Entrepreneur,46179,860,4455826,8979,3 BHK Apartment,8130583,11306425,Medium,13,Mumbai,Email
HB0198,43,Consultant,177432,670,297526,42001,3 BHK Apartment,13380615,16476342,Medium,5,Mumbai,WhatsApp
HB0199,25,Software Engineer,77470,743,2045409,11770,Villa,10825644,15063952,Low,11,Mumbai,Email
HB0200,27,Sales Manager,188385,832,4391118,47752,Penthouse,11011035,12751242,Low,13,Mumbai,Email
HB0201,30,Software Engineer,182939,869,2048009,8220,2 BHK Flat,9285673,14229836,High,11,Mumbai,Email
HB0202,54,Consultant,208507,723,686185,26098,Penthouse,8160286,10805411,High,16,Mumbai,Email
HB0203,48,Entrepreneur,186633,669,2368086,23908,Penthouse,11078604,12261397,High,6,Mumbai,WhatsApp
HB0204,43,Entrepreneur,59058,750,1644712,1791,1 BHK Apartment,10765025,13258214,Medium,6,Mumbai,Email
HB0205,39,Banker,266028,803,1507775,39045,1 BHK Apartment,13674802,16147537,High,3,Mumbai,Phone
HB0206,49,Banker,145847,703,659000,30791,3 BHK Apartment,8435177,12203461,Medium,16,Mumbai,Email
HB0207,54,Architect,127129,879,4530377,20512,2 BHK Flat,7320175,10949600,Low,10,Mumbai,WhatsApp
HB0208,31,Accountant,251613,850,1470458,34007,1 BHK Apartment,10584011,15395280,Medium,4,Mumbai,Email
HB0209,54,Marketing Executive,233927,725,1986265,65171,1 BHK Apartment,9730979,13201214,Low,17,Mumbai,WhatsApp
HB0210,36,Software Engineer,139673,766,2087447,39201,1 BHK Apartment,10816059,13085208,High,3,Mumbai,WhatsApp
HB0211,51,Architect,239086,843,2472957,65485,3 BHK Apartment,11875304,16300092,High,8,Mumbai,Email
HB0212,39,Consultant,229931,682,2413265,14899,Villa,10457077,14852839,Medium,13,Mumbai,Email
HB0213,26,Lawyer,101168,797,1849988,7637,2 BHK Flat,6503807,7801998,Low,15,Mumbai,Email
HB0214,37,Software Engineer,179773,764,3463958,41930,Penthouse,9834960,12992398,Low,12,Mumbai,WhatsApp
HB0215,40,Architect,251107,885,3508009,117,2 BHK Flat,11395201,13606288,Medium,20,Mumbai,Phone
HB0216,54,Sales Manager,186944,834,991990,39967,Penthouse,14030641,18345386,Medium,5,Mumbai,Phone
HB0217,29,Architect,124018,686,4406891,23148,Penthouse,6076191,7372684,High,10,Mumbai,WhatsApp
HB0218,34,Doctor,66935,691,3607180,18712,Penthouse,6000697,9666887,High,1,Mumbai,WhatsApp
HB0219,50,Doctor,105078,889,2156546,9112,3 BHK Apartment,13583684,16997069,Medium,15,Mumbai,Phone
HB0220,40,Accountant,256187,900,2522314,34158,2 BHK Flat,10084969,11712185,Medium,11,Mumbai,Email
HB0221,52,Marketing Executive,88204,798,2540845,8256,Villa,10397614,12245996,Low,15,Mumbai,Phone
HB0222,31,Lawyer,86254,793,1865891,16700,2 BHK Flat,9507025,12658870,High,6,Mumbai,Email
HB0223,30,Consultant,175736,684,4624342,48424,3 BHK Apartment,10185356,14687928,Medium,9,Mumbai,Phone
HB0224,33,Architect,199913,887,993382,30407,1 BHK Apartment,9237589,12360258,Medium,7,Mumbai,Email
HB0225,42,Banker,261123,708,221495,1261,2 BHK Flat,5135120,7006597,Low,2,Mumbai,WhatsApp
HB0226,38,Doctor,231156,742,4875323,4398,3 BHK Apartment,7143478,8695228,Medium,14,Mumbai,WhatsApp
HB0227,54,Sales Manager,227707,662,3304043,39353,Villa,10077803,12787708,Medium,7,Mumbai,Email
HB0228,54,Lawyer,97959,692,109948,25187,2 BHK Flat,11275812,13551344,High,20,Mumbai,WhatsApp
HB0229,27,Lawyer,125567,787,1048525,15029,3 BHK Apartment,8703537,11694828,Low,19,Mumbai,Phone
HB0230,43,Entrepreneur,219526,794,1359380,44142,Penthouse,5159515,6264904,Medium,13,Mumbai,Email
HB0231,52,Lawyer,111825,784,4452647,24340,Penthouse,6169390,10645363,Low,14,Mumbai,Email
HB0232,36,Entrepreneur,289314,698,4237888,42607,Penthouse,9075687,12934174,Medium,18,Mumbai,WhatsApp
HB0233,39,Banker,155930,895,4957310,22124,3 BHK Apartment,10558366,12101367,Medium,9,Mumbai,Email
HB0234,48,Entrepreneur,129336,796,3741548,32347,Penthouse,7012075,11143299,High,15,Mumbai,Email
HB0235,53,Doctor,292113,772,3930617,59390,Penthouse,14806585,16740150,Medium,9,Mumbai,Email
HB0236,50,Consultant,102272,840,1776011,9230,3 BHK Apartment,5380117,7200339,Medium,6,Mumbai,Email
HB0237,50,Marketing Executive,94498,889,2444739,9280,1 BHK Apartment,12638618,16190428,Low,20,Mumbai,Phone
HB0238,28,Consultant,235246,745,2827543,55964,1 BHK Apartment,11918320,14372041,High,13,Mumbai,WhatsApp
HB0239,28,Doctor,137564,718,4134771,23134,2 BHK Flat,14840826,16397985,High,11,Mumbai,WhatsApp
HB0240,37,Lawyer,275908,740,756607,60975,1 BHK Apartment,12892450,14029137,Medium,19,Mumbai,Phone
HB0241,28,Doctor,131454,743,2953650,1964,2 BHK Flat,13958319,15430682,Medium,15,Mumbai,Email
HB0242,25,Marketing Executive,210136,884,3915210,40380,Villa,12893019,17112493,Medium,16,Mumbai,Email
HB0243,27,Marketing Executive,137150,660,3716161,5642,3 BHK Apartment,7154172,8881272,Low,3,Mumbai,Phone
HB0244,44,Banker,74097,695,3033464,20512,3 BHK Apartment,11369582,16140621,Medium,9,Mumbai,Phone
HB0245,49,Sales Manager,280041,851,1596429,3298,1 BHK Apartment,8574022,11267012,Medium,19,Mumbai,Email
HB0246,48,Sales Manager,107491,750,2154218,5912,3 BHK Apartment,7200937,10947173,Low,13,Mumbai,Email
HB0247,30,Architect,59166,776,2988520,825,Penthouse,10415689,13987548,Low,13,Mumbai,Phone
HB0248,39,Doctor,127330,821,105335,565,1 BHK Apartment,9181154,11391059,Low,7,Mumbai,Phone
HB0249,31,Consultant,120630,662,2216970,615,2 BHK Flat,7163289,9039685,Medium,3,Mumbai,Phone
HB0250,39,Consultant,98180,735,425025,24070,Penthouse,11032234,15031105,High,16,Mumbai,WhatsApp
HB0251,44,Marketing Executive,188416,828,1582033,41230,Penthouse,14857963,18666883,Medium,6,Mumbai,Phone
HB0252,40,Consultant,299241,723,2453247,15597,1 BHK Apartment,14371515,18583032,Low,4,Mumbai,WhatsApp
HB0253,47,Software Engineer,87772,857,3021000,15450,2 BHK Flat,12848594,15082376,High,8,Mumbai,Email
HB0254,29,Software Engineer,94308,828,3780809,4510,3 BHK Apartment,5534155,10366172,Low,15,Mumbai,Phone
HB0255,55,Architect,257203,786,1886177,10691,2 BHK Flat,8839249,12153697,High,12,Mumbai,Email
HB0256,50,Accountant,79809,818,338611,17051,1 BHK Apartment,8864984,12425053,Medium,9,Mumbai,Email
HB0257,27,Accountant,200422,896,2551256,32608,Penthouse,5087117,9480207,Medium,9,Mumbai,Phone
HB0258,35,Consultant,260236,673,1446624,36244,1 BHK Apartment,5413699,10020526,High,9,Mumbai,WhatsApp
HB0259,42,Lawyer,175713,757,2834629,33255,Villa,9307421,10968765,Medium,15,Mumbai,WhatsApp
HB0260,55,Consultant,195994,710,1973284,12468,Penthouse,6616670,8761017,Low,5,Mumbai,Phone
HB0261,36,Banker,210823,676,1734455,14794,1 BHK Apartment,13544467,16316737,High,9,Mumbai,WhatsApp
HB0262,35,Lawyer,152445,782,2503039,30467,Penthouse,11157622,14380036,Medium,9,Mumbai,WhatsApp
HB0263,31,Entrepreneur,49404,687,4950618,1501,2 BHK Flat,9157681,10395874,High,11,Mumbai,Phone
HB0264,28,Consultant,250863,750,3787181,59235,1 BHK Apartment,12249975,13814206,Medium,9,Mumbai,Phone
HB0265,27,Lawyer,299525,846,423420,17888,3 BHK Apartment,12093315,15612570,High,20,Mumbai,WhatsApp
HB0266,41,Sales Manager,57853,861,4324037,6370,Penthouse,11620477,14517477,Medium,16,Mumbai,Email
HB0267,48,Accountant,266534,715,3379859,53138,3 BHK Apartment,6641955,9147439,Medium,5,Mumbai,Phone
HB0268,28,Entrepreneur,157144,696,2351645,43706,Penthouse,5284908,7685075,Low,9,Mumbai,Email
HB0269,42,Consultant,83787,898,1331156,2750,3 BHK Apartment,13282843,16504492,Medium,10,Mumbai,Email
HB0270,45,Entrepreneur,95347,695,2966314,3874,Villa,9738377,12572129,High,16,Mumbai,Phone
HB0271,29,Banker,47143,863,4337098,9777,3 BHK Apartment,9407976,11052605,Medium,19,Mumbai,WhatsApp
HB0272,32,Banker,225411,697,1916297,56970,1 BHK Apartment,5395146,8418163,Low,5,Mumbai,Email
HB0273,27,Software Engineer,160809,819,4504937,20864,Villa,10086612,14661975,Low,2,Mumbai,Phone
HB0274,47,Accountant,188838,739,4392232,40870,Villa,13579986,18055319,Medium,5,Mumbai,Email
HB0275,55,Consultant,221967,752,1309315,62989,Villa,6418523,8000888,Medium,18,Mumbai,Email
HB0276,49,Doctor,138371,654,184676,35939,2 BHK Flat,12611735,16430383,Medium,19,Mumbai,WhatsApp
HB0277,49,Lawyer,76211,783,2726598,1663,Penthouse,5387325,6969349,Low,19,Mumbai,Phone
HB0278,31,Accountant,65041,844,4141115,2010,3 BHK Apartment,7492124,8517161,High,8,Mumbai,Phone
HB0279,29,Architect,284308,653,2648591,60840,1 BHK Apartment,5062167,9619039,Low,8,Mumbai,Email
HB0280,35,Consultant,205630,793,4610497,14435,Villa,7124455,11299179,Low,16,Mumbai,Phone
HB0281,43,Marketing Executive,182290,869,4630507,50454,1 BHK Apartment,8634289,10973840,Low,9,Mumbai,Email
HB0282,46,Architect,245309,719,1533755,20290,1 BHK Apartment,9385132,14201970,High,18,Mumbai,WhatsApp
HB0283,53,Banker,265364,802,3936892,71562,2 BHK Flat,7936363,11822656,High,7,Mumbai,WhatsApp
HB0284,53,Marketing Executive,265568,824,1978874,14328,2 BHK Flat,7069973,11814180,Medium,20,Mumbai,WhatsApp
HB0285,30,Consultant,239054,746,2428388,28101,Villa,6541526,11141873,High,9,Mumbai,Email
HB0286,33,Banker,283851,727,2442239,41593,3 BHK Apartment,5554972,7212871,Medium,4,Mumbai,Phone
HB0287,52,Banker,290163,764,3012484,18490,1 BHK Apartment,9175266,11204077,High,8,Mumbai,Email
HB0288,43,Consultant,69013,864,4657817,7973,Penthouse,11094589,15313993,High,5,Mumbai,Phone
HB0289,35,Architect,46787,774,209444,9144,Penthouse,8023438,9597600,Low,18,Mumbai,Phone
HB0290,26,Marketing Executive,296945,739,1315839,50669,1 BHK Apartment,10949653,12853162,Low,9,Mumbai,WhatsApp
HB0291,40,Entrepreneur,194872,796,1062876,41452,Penthouse,10023599,12702848,Low,10,Mumbai,Email
HB0292,47,Doctor,174552,754,2896131,32182,1 BHK Apartment,5509125,8907739,High,1,Mumbai,Phone
HB0293,51,Accountant,272827,756,2075447,35029,3 BHK Apartment,7789378,11260599,Medium,6,Mumbai,Phone
HB0294,34,Accountant,181062,650,4857239,43066,Penthouse,9092038,11571013,Low,13,Mumbai,Email
HB0295,30,Software Engineer,225696,825,2405203,5641,1 BHK Apartment,5494954,10053933,High,7,Mumbai,WhatsApp
HB0296,46,Lawyer,129022,821,4066665,8494,Penthouse,11185874,15289432,Low,12,Mumbai,WhatsApp
HB0297,55,Banker,159412,881,868056,29769,3 BHK Apartment,11568996,14965168,Low,13,Mumbai,Phone
HB0298,35,Accountant,154714,760,2087558,44509,2 BHK Flat,12366721,15856936,Low,20,Mumbai,Email
HB0299,32,Consultant,195443,868,3311010,43063,1 BHK Apartment,11122120,13208847,Medium,14,Mumbai,Email
HB0300,25,Doctor,243687,897,2135551,37352,Villa,13866287,17651233,Low,5,Mumbai,Phone
HB0301,35,Accountant,74212,805,2703971,17650,2 BHK Flat,7771678,8789447,High,9,Mumbai,Phone
HB0302,35,Banker,74390,895,4991410,20954,1 BHK Apartment,12354983,16635595,High,10,Mumbai,Email
HB0303,40,Consultant,131787,803,2154979,27434,2 BHK Flat,8688383,12429935,Low,18,Mumbai,Phone
HB0304,49,Accountant,120430,852,2595598,29778,2 BHK Flat,5645833,7122320,Low,11,Mumbai,Email
HB0305,37,Accountant,169525,894,1929576,44252,Villa,12791858,17003286,Medium,18,Mumbai,WhatsApp
HB0306,54,Accountant,222380,715,4961515,5122,Penthouse,6870332,11326092,High,14,Mumbai,Phone
HB0307,46,Banker,259866,866,3444245,25564,Penthouse,12955366,17453620,High,16,Mumbai,Email
HB0308,38,Sales Manager,179628,823,2967082,34299,2 BHK Flat,10325954,13650027,Medium,11,Mumbai,Email
HB0309,44,Banker,66061,789,1967699,9790,Villa,7689365,11839201,Low,8,Mumbai,Email
HB0310,49,Architect,141834,763,1959780,12541,1 BHK Apartment,9830683,12668352,High,10,Mumbai,Email
HB0311,51,Lawyer,271299,687,4155133,41961,3 BHK Apartment,12237811,16208451,High,1,Mumbai,WhatsApp
HB0312,46,Marketing Executive,122928,854,2021372,3587,1 BHK Apartment,6147461,8289467,High,18,Mumbai,Phone
HB0313,26,Doctor,124329,824,1240208,16624,Penthouse,10396142,15143658,High,18,Mumbai,Phone
HB0314,43,Doctor,280400,852,4116564,4813,1 BHK Apartment,6928494,10273903,High,15,Mumbai,WhatsApp
HB0315,35,Banker,232967,813,1293412,56468,Villa,12198925,15779749,Low,7,Mumbai,WhatsApp
HB0316,29,Lawyer,229575,653,1689870,46681,Penthouse,8809298,13164088,Medium,5,Mumbai,Phone
HB0317,37,Architect,208960,725,3103367,54890,2 BHK Flat,6647543,11280365,Low,15,Mumbai,WhatsApp
HB0318,54,Software Engineer,170124,684,2965162,25705,1 BHK Apartment,5800484,7967755,Medium,16,Mumbai,Phone
HB0319,45,Marketing Executive,111390,830,2330779,3302,2 BHK Flat,6215796,9289888,High,6,Mumbai,WhatsApp
HB0320,52,Doctor,101706,866,715676,27404,3 BHK Apartment,8265031,13183714,Low,5,Mumbai,Phone
HB0321,52,Software Engineer,267608,748,1362099,54319,Villa,12146063,14355215,Low,7,Mumbai,Email
HB0322,32,Lawyer,185557,715,671445,34008,Penthouse,14433796,17869143,Low,4,Mumbai,Phone
HB0323,52,Accountant,86556,892,336620,14161,3 BHK Apartment,8055619,11158775,Medium,7,Mumbai,Phone
HB0324,27,Sales Manager,255613,778,2607561,41109,Villa,9073714,13612204,High,12,Mumbai,Phone
HB0325,48,Doctor,205147,850,138896,53825,Villa,8279416,12060190,High,20,Mumbai,WhatsApp
HB0326,41,Software Engineer,259918,766,1976343,17194,Penthouse,12534008,17082083,Low,2,Mumbai,Phone
HB0327,52,Accountant,273740,677,935048,72092,3 BHK Apartment,6346878,10562824,High,2,Mumbai,WhatsApp
HB0328,38,Sales Manager,267555,865,4592923,54538,1 BHK Apartment,13171325,14207405,High,17,Mumbai,Email
HB0329,30,Banker,43898,888,435355,2172,3 BHK Apartment,6913510,8727428,Medium,16,Mumbai,Phone
HB0330,32,Lawyer,54152,787,1103103,8974,3 BHK Apartment,10459972,15350888,Medium,14,Mumbai,WhatsApp
HB0331,41,Entrepreneur,286933,685,3063214,34460,Villa,8634029,10062694,High,15,Mumbai,WhatsApp
HB0332,43,Sales Manager,279111,899,3623203,12607,Villa,9039169,12067811,High,13,Mumbai,Email
HB0333,42,Doctor,81823,774,3141990,7153,Penthouse,13389525,17648182,High,2,Mumbai,WhatsApp
HB0334,42,Entrepreneur,54097,736,3452039,2865,2 BHK Flat,9350598,12507416,Medium,19,Mumbai,WhatsApp
HB0335,26,Consultant,252331,782,2274305,25237,3 BHK Apartment,7725865,12495297,Low,14,Mumbai,Email
HB0336,54,Doctor,254391,831,4210029,29930,Penthouse,5429477,6698076,Medium,4,Mumbai,WhatsApp
HB0337,47,Consultant,189320,745,4019801,34298,1 BHK Apartment,11043708,12504417,Medium,11,Mumbai,Phone
HB0338,51,Accountant,297754,844,4516406,80933,1 BHK Apartment,12773009,15208091,High,3,Mumbai,Phone
HB0339,48,Doctor,219332,781,2481417,64686,Penthouse,7573678,8827861,Low,12,Mumbai,Email
HB0340,37,Entrepreneur,155615,680,429921,43907,Penthouse,6757286,9888730,Medium,16,Mumbai,Email
HB0341,45,Lawyer,251516,694,4801123,53177,Penthouse,8381143,10024161,Medium,5,Mumbai,Phone
HB0342,28,Entrepreneur,66715,773,3308833,18306,3 BHK Apartment,7535974,10520000,Low,7,Mumbai,WhatsApp
HB0343,33,Sales Manager,220028,817,103603,61315,1 BHK Apartment,14699358,19422108,Low,15,Mumbai,WhatsApp
HB0344,52,Entrepreneur,283940,864,1444894,76405,1 BHK Apartment,14386165,18163060,Low,7,Mumbai,Email
HB0345,47,Sales Manager,160496,886,148560,39580,3 BHK Apartment,8901140,13825965,High,9,Mumbai,WhatsApp
HB0346,45,Doctor,75872,867,682623,13123,Villa,13880657,17046944,Medium,7,Mumbai,WhatsApp
HB0347,54,Consultant,167275,827,4819994,271,3 BHK Apartment,14914436,19463674,Low,13,Mumbai,Phone
HB0348,51,Marketing Executive,42011,855,1847978,6902,Villa,5874425,10590356,Medium,7,Mumbai,Phone
HB0349,38,Accountant,179429,891,4146277,45433,Villa,10159090,12147646,High,5,Mumbai,Phone
HB0350,30,Architect,283639,705,4692157,66880,1 BHK Apartment,6872637,10815247,Low,17,Mumbai,Email
HB0351,40,Marketing Executive,227237,876,1863393,49379,2 BHK Flat,6556695,7868253,High,8,Mumbai,Phone
HB0352,33,Accountant,165339,650,2789206,37761,Villa,6795583,10982927,Medium,10,Mumbai,Email
HB0353,36,Lawyer,180477,894,1710688,51441,2 BHK Flat,12717223,17584279,High,12,Mumbai,Email
HB0354,50,Consultant,201379,848,3100134,53251,1 BHK Apartment,6300353,9540002,Low,7,Mumbai,Email
HB0355,33,Architect,201974,718,4131741,37859,Penthouse,6885366,11248998,Medium,1,Mumbai,WhatsApp
HB0356,26,Doctor,74161,658,2849318,8279,1 BHK Apartment,11631018,15172712,Medium,14,Mumbai,WhatsApp
HB0357,42,Accountant,150962,857,1416980,4347,2 BHK Flat,10600768,13751323,Low,6,Mumbai,Phone
HB0358,32,Architect,283340,678,593878,79196,Villa,12100780,13639498,Medium,4,Mumbai,Email
HB0359,37,Software Engineer,105267,769,2176834,30128,2 BHK Flat,13123036,15901328,Low,12,Mumbai,WhatsApp
HB0360,27,Marketing Executive,247752,843,1541608,12396,1 BHK Apartment,7252381,9872372,High,14,Mumbai,Phone
HB0361,42,Architect,180789,887,3838268,2462,Penthouse,6093704,10365162,Low,5,Mumbai,Phone
HB0362,32,Consultant,82365,731,897324,2170,3 BHK Apartment,12470134,16024533,Low,18,Mumbai,Email
HB0363,55,Architect,64124,860,4313366,13195,3 BHK Apartment,5903963,8094672,Medium,1,Mumbai,Phone
HB0364,55,Accountant,57293,754,1809664,14919,Penthouse,14291579,15638664,Low,17,Mumbai,WhatsApp
HB0365,33,Doctor,269984,761,3415929,61511,Penthouse,12704252,14248714,High,7,Mumbai,WhatsApp
HB0366,30,Entrepreneur,259203,876,2888766,65986,Penthouse,10728796,15401111,Medium,8,Mumbai,Email
HB0367,40,Software Engineer,265107,831,4036035,22302,Penthouse,14877555,16311168,Medium,17,Mumbai,Phone
HB0368,50,Banker,42603,778,997502,3165,2 BHK Flat,12058484,13121769,Medium,6,Mumbai,Phone
HB0369,37,Sales Manager,266793,877,667670,61876,3 BHK Apartment,8524510,13056095,High,13,Mumbai,Email
HB0370,25,Consultant,41942,845,2606789,7223,Penthouse,12406885,13537480,Low,2,Mumbai,Email
HB0371,26,Doctor,188840,800,3088521,40682,2 BHK Flat,14798540,18480833,Low,15,Mumbai,Email
HB0372,43,Marketing Executive,175684,780,4172623,47220,1 BHK Apartment,14152383,18706503,Medium,19,Mumbai,Phone
HB0373,49,Accountant,157452,748,4362766,25926,3 BHK Apartment,8397757,9598794,High,17,Mumbai,Phone
HB0374,37,Software Engineer,275882,690,1694125,68800,1 BHK Apartment,8991002,13257876,High,8,Mumbai,Email
HB0375,29,Architect,260152,686,3824056,40303,3 BHK Apartment,10304328,13658639,Medium,15,Mumbai,Email
HB0376,30,Marketing Executive,285347,755,4045914,70659,3 BHK Apartment,12789050,14514329,High,15,Mumbai,Email
HB0377,45,Marketing Executive,230991,878,4926633,57740,Penthouse,12349519,15074659,High,7,Mumbai,WhatsApp
HB0378,33,Doctor,137435,662,2295585,38651,1 BHK Apartment,12412313,13785633,High,13,Mumbai,WhatsApp
HB0379,54,Lawyer,138315,754,253996,33238,Penthouse,7834186,10026286,Medium,8,Mumbai,Phone
HB0380,38,Software Engineer,172931,694,4943453,41862,3 BHK Apartment,14714380,17008534,Low,14,Mumbai,Phone
HB0381,33,Marketing Executive,78147,896,2447519,7948,3 BHK Apartment,8441601,12637888,Medium,14,Mumbai,WhatsApp
HB0382,41,Marketing Executive,263446,670,4262470,50349,Penthouse,10072149,12289328,High,18,Mumbai,WhatsApp
HB0383,49,Software Engineer,239970,779,4280870,59806,2 BHK Flat,5728460,7774625,Low,19,Mumbai,Email
HB0384,51,Software Engineer,43152,659,1653503,9380,2 BHK Flat,11024236,12277237,High,10,Mumbai,Email
HB0385,37,Marketing Executive,54281,778,2272433,1060,Villa,13361959,15800582,Medium,15,Mumbai,Email
HB0386,50,Consultant,225447,751,4712148,10223,3 BHK Apartment,10752081,15150837,Low,16,Mumbai,Email
HB0387,29,Lawyer,286601,778,2580316,60580,Penthouse,8176559,11528928,Medium,9,Mumbai,Email
HB0388,43,Banker,254677,803,4649585,35061,Penthouse,8025295,12120676,Medium,1,Mumbai,WhatsApp
HB0389,38,Architect,125786,724,3820985,28971,Penthouse,9429355,14079669,Medium,7,Mumbai,Phone
HB0390,44,Marketing Executive,230428,825,3590786,63845,Villa,7892727,11896176,Low,7,Mumbai,Phone
HB0391,37,Doctor,197724,860,2440289,49060,Penthouse,7646977,9852469,Medium,14,Mumbai,WhatsApp
HB0392,53,Architect,115431,847,2844207,25595,2 BHK Flat,13359879,14933627,Medium,8,Mumbai,WhatsApp
HB0393,25,Consultant,176121,733,1252037,43486,Penthouse,6774652,8859481,Low,11,Mumbai,Email
HB0394,53,Architect,41109,690,1182370,9802,Penthouse,10844132,12640519,Medium,7,Mumbai,WhatsApp
HB0395,53,Accountant,184847,888,2854039,41064,2 BHK Flat,11506718,13511705,Low,10,Mumbai,WhatsApp
HB0396,32,Banker,48981,661,2692667,11791,3 BHK Apartment,5660320,7227302,High,12,Mumbai,Email
HB0397,36,Accountant,49559,708,4322537,7498,Villa,8613225,12290614,Low,6,Mumbai,Email
HB0398,34,Accountant,178899,674,215173,21594,Penthouse,7616659,8743150,Low,19,Mumbai,Email
HB0399,31,Entrepreneur,125053,758,1504392,33117,2 BHK Flat,14253399,18854241,Medium,3,Mumbai,WhatsApp
HB0400,46,Accountant,190794,660,1614742,5406,1 BHK Apartment,6241238,7643979,Low,8,Mumbai,Email
HB0401,49,Consultant,100409,864,4083135,14070,Villa,5719649,10706886,Low,20,Mumbai,WhatsApp
HB0402,25,Architect,165482,779,4216114,4478,2 BHK Flat,7605269,8668724,Low,12,Mumbai,Email
HB0403,50,Entrepreneur,281532,667,4093554,21820,3 BHK Apartment,12403978,17075347,Low,3,Mumbai,Email
HB0404,38,Banker,202073,723,1898761,25284,Villa,14158740,18220553,Medium,20,Mumbai,Phone
HB0405,25,Doctor,133169,764,922145,16834,Villa,14075408,15401790,High,6,Mumbai,WhatsApp
HB0406,37,Entrepreneur,158907,899,3521132,25236,Penthouse,8363258,13343681,High,19,Mumbai,WhatsApp
HB0407,52,Consultant,177873,822,2114477,2550,Penthouse,12364742,16194072,High,18,Mumbai,Email
HB0408,27,Architect,107382,844,1046126,24184,Penthouse,13283087,15743027,High,2,Mumbai,Phone
HB0409,41,Sales Manager,161353,663,1439768,18962,1 BHK Apartment,10413411,14833101,Medium,9,Mumbai,Email
HB0410,44,Accountant,211104,746,2162638,60184,Villa,10274974,12047613,High,11,Mumbai,Email
HB0411,33,Banker,242791,788,698925,65629,Villa,14755665,18112031,High,8,Mumbai,Phone
HB0412,50,Consultant,82622,834,3641510,19323,2 BHK Flat,9087581,12052713,Low,18,Mumbai,Phone
HB0413,47,Lawyer,265269,728,4207472,60306,Villa,9507004,14093934,Low,4,Mumbai,Phone
HB0414,33,Banker,44924,699,3022460,5179,Villa,7801174,12106179,Low,1,Mumbai,WhatsApp
HB0415,53,Accountant,57222,809,3319200,7552,3 BHK Apartment,7745057,11274485,High,1,Mumbai,Phone
HB0416,38,Accountant,217613,876,205049,4687,2 BHK Flat,14260934,15941217,Low,10,Mumbai,WhatsApp
HB0417,39,Lawyer,171535,789,3806881,3415,Villa,5094976,8914932,High,3,Mumbai,Phone
HB0418,50,Doctor,91623,812,1880145,93,3 BHK Apartment,10654776,13279681,High,15,Mumbai,WhatsApp
HB0419,42,Doctor,215695,717,2442148,6130,Villa,11430372,15079683,Medium,6,Mumbai,WhatsApp
HB0420,25,Lawyer,96593,687,1361474,2961,Villa,14816090,19705324,High,17,Mumbai,Phone
HB0421,28,Architect,275739,898,1066977,79593,Villa,8174812,11144127,Low,3,Mumbai,Phone
HB0422,42,Consultant,138764,690,180367,28912,2 BHK Flat,11239927,15907940,Low,3,Mumbai,Phone
HB0423,41,Accountant,262985,790,1210061,37959,2 BHK Flat,9109603,12349569,Medium,10,Mumbai,Email
HB0424,50,Entrepreneur,269511,856,4564829,49568,2 BHK Flat,12113456,14971983,High,2,Mumbai,WhatsApp
HB0425,33,Sales Manager,171520,825,622874,18146,2 BHK Flat,12827556,14465530,High,5,Mumbai,Email
HB0426,31,Entrepreneur,112122,686,1874720,6951,1 BHK Apartment,14224218,18400466,Medium,2,Mumbai,Email
HB0427,32,Sales Manager,184656,693,2899882,42112,3 BHK Apartment,14597461,15710679,Low,4,Mumbai,WhatsApp
HB0428,54,Software Engineer,198635,898,3156955,49385,2 BHK Flat,13568249,16306351,Low,10,Mumbai,WhatsApp
HB0429,38,Entrepreneur,113479,758,3058526,1019,Penthouse,12175439,13904004,Medium,5,Mumbai,WhatsApp
HB0430,32,Doctor,115850,859,2158484,16993,2 BHK Flat,12481945,14985995,Low,1,Mumbai,Email
HB0431,27,Sales Manager,98383,824,760231,8687,1 BHK Apartment,7187989,12067334,Medium,14,Mumbai,Phone
HB0432,36,Sales Manager,107653,864,2135898,26402,1 BHK Apartment,7729961,8750290,High,14,Mumbai,WhatsApp
HB0433,41,Entrepreneur,202279,704,4959697,34775,Villa,7005617,11482383,Low,15,Mumbai,Phone
HB0434,55,Lawyer,178428,757,4946422,19228,2 BHK Flat,5429325,9386697,Low,7,Mumbai,WhatsApp
HB0435,55,Entrepreneur,286798,813,2427378,13641,Penthouse,6892444,8204267,Medium,18,Mumbai,WhatsApp
HB0436,49,Architect,266683,696,569115,71557,1 BHK Apartment,10685026,13133440,Medium,11,Mumbai,Phone
HB0437,37,Marketing Executive,63737,737,4183263,8402,Penthouse,12076090,14072145,Medium,15,Mumbai,Phone
HB0438,39,Sales Manager,151081,681,383262,8301,1 BHK Apartment,5842670,7583924,Low,1,Mumbai,Email
HB0439,26,Lawyer,105791,898,3394552,5057,Villa,8316875,9758942,High,4,Mumbai,WhatsApp
HB0440,33,Accountant,103497,650,3494706,3845,1 BHK Apartment,8749897,10653754,Medium,18,Mumbai,Email
HB0441,29,Consultant,58221,740,3210553,2481,Penthouse,14290470,15515133,Medium,1,Mumbai,WhatsApp
HB0442,52,Lawyer,116026,885,379271,29401,3 BHK Apartment,10711645,14682497,High,7,Mumbai,Phone
HB0443,37,Accountant,199646,846,1429552,46555,1 BHK Apartment,9433923,10930724,High,13,Mumbai,Phone
HB0444,25,Accountant,243135,886,143513,34588,Villa,6623464,10090034,Low,9,Mumbai,WhatsApp
HB0445,38,Marketing Executive,74085,705,479552,17834,3 BHK Apartment,7554157,11966884,Low,3,Mumbai,Phone
HB0446,52,Lawyer,212412,808,3645680,23443,Villa,14627806,15987129,Medium,7,Mumbai,Email
HB0447,29,Entrepreneur,118691,854,3739509,20263,2 BHK Flat,10531345,13389959,Low,2,Mumbai,Email
HB0448,32,Doctor,60731,734,114404,11420,Villa,12766630,16984289,Low,7,Mumbai,Phone
HB0449,41,Accountant,223164,796,1108581,15961,Villa,12993880,17106075,Low,20,Mumbai,Email
HB0450,41,Marketing Executive,182763,890,449448,14193,Penthouse,6599534,11477858,Medium,10,Mumbai,WhatsApp
HB0451,37,Software Engineer,93893,886,3308105,16160,2 BHK Flat,7367845,9138538,Medium,10,Mumbai,WhatsApp
HB0452,27,Doctor,262601,760,1632871,64027,1 BHK Apartment,14111105,17571493,Medium,9,Mumbai,Email
HB0453,32,Lawyer,135627,895,4412434,30670,1 BHK Apartment,12897272,17168772,High,17,Mumbai,WhatsApp
HB0454,42,Entrepreneur,83926,656,3191303,7454,Penthouse,5686474,9306228,Low,1,Mumbai,Email
HB0455,37,Accountant,53833,898,1945934,5996,Penthouse,8259623,10969765,Low,11,Mumbai,Phone
HB0456,30,Consultant,70683,684,4391090,10823,1 BHK Apartment,11718431,15959986,Low,5,Mumbai,WhatsApp
HB0457,40,Consultant,292170,803,3165187,8287,3 BHK Apartment,9179247,11910739,Low,13,Mumbai,Phone
HB0458,31,Entrepreneur,221109,711,378650,36395,1 BHK Apartment,14149534,17629292,Low,15,Mumbai,Phone
HB0459,34,Lawyer,158838,761,205177,10557,Villa,7680502,12105939,Low,4,Mumbai,Email
HB0460,29,Consultant,42916,844,4556345,12110,2 BHK Flat,12316652,13409536,Medium,6,Mumbai,WhatsApp
HB0461,36,Lawyer,53609,842,1771672,14206,1 BHK Apartment,10183413,12454050,High,14,Mumbai,Email
HB0462,44,Lawyer,260655,702,4391665,43553,3 BHK Apartment,14188579,17898737,High,18,Mumbai,Email
HB0463,35,Software Engineer,268851,817,4220311,78319,3 BHK Apartment,13474036,15847064,Low,2,Mumbai,Email
HB0464,51,Sales Manager,230001,698,2361222,3175,3 BHK Apartment,9882868,13832736,High,5,Mumbai,Phone
HB0465,38,Architect,252729,711,4094964,44432,2 BHK Flat,11128024,15100673,Medium,5,Mumbai,Email
HB0466,39,Accountant,122399,866,1019863,21880,1 BHK Apartment,12359306,15577519,High,14,Mumbai,Email
HB0467,28,Banker,203343,701,2620220,145,1 BHK Apartment,8554569,10644692,Low,8,Mumbai,Phone
HB0468,51,Entrepreneur,182769,709,1177466,54364,Penthouse,6249115,8118223,Low,13,Mumbai,WhatsApp
HB0469,41,Marketing Executive,64434,663,3404809,9991,Villa,7806628,12595258,High,19,Mumbai,Email
HB0470,33,Banker,164028,858,994377,25416,3 BHK Apartment,13591436,15447686,Low,20,Mumbai,Email
HB0471,33,Doctor,278973,710,4347096,1551,3 BHK Apartment,7588371,9066318,Low,17,Mumbai,Phone
HB0472,51,Lawyer,184888,740,4438028,39777,Villa,14710151,17592495,Medium,8,Mumbai,WhatsApp
HB0473,51,Architect,62330,778,4584659,3984,3 BHK Apartment,13708319,15202939,High,16,Mumbai,Phone
HB0474,41,Accountant,52542,655,360012,4162,Villa,9906719,13158181,High,10,Mumbai,Phone
HB0475,49,Lawyer,96307,752,4451727,6814,Penthouse,11669707,15582596,High,19,Mumbai,WhatsApp
HB0476,25,Lawyer,229800,797,1821621,20842,1 BHK Apartment,5002644,8562265,High,17,Mumbai,WhatsApp
HB0477,39,Entrepreneur,184462,817,1364127,44446,Villa,9217690,12778925,Medium,17,Mumbai,Email
HB0478,51,Lawyer,208895,770,291678,57284,3 BHK Apartment,9274453,12209041,Low,6,Mumbai,Email
HB0479,48,Doctor,48284,726,2879819,7644,Penthouse,14041651,16965593,High,19,Mumbai,Email
HB0480,52,Software Engineer,264469,825,1774960,73677,2 BHK Flat,10063567,14246422,High,3,Mumbai,Phone
HB0481,50,Lawyer,248198,857,4985235,50844,Penthouse,5145067,6503873,Low,14,Mumbai,Email
HB0482,48,Sales Manager,205318,667,4852686,27071,Villa,10887989,14505128,Medium,12,Mumbai,Phone
HB0483,31,Accountant,220516,714,3303750,10864,Penthouse,8292758,9544021,Medium,12,Mumbai,Email
HB0484,40,Doctor,218179,857,1060717,13239,Penthouse,14997002,18750382,High,6,Mumbai,WhatsApp
HB0485,34,Software Engineer,140619,797,828057,15525,Penthouse,5694999,7113059,Low,3,Mumbai,Email
HB0486,36,Architect,116911,889,4961565,23181,Penthouse,13533433,15616840,High,12,Mumbai,Phone
HB0487,49,Lawyer,276412,850,931160,9491,2 BHK Flat,6565586,10485267,Medium,13,Mumbai,WhatsApp
HB0488,52,Sales Manager,162608,734,2657807,24369,Villa,5758611,7894191,Medium,15,Mumbai,Email
HB0489,34,Consultant,76587,840,1748604,1200,2 BHK Flat,14276459,17482437,High,11,Mumbai,Phone
HB0490,44,Consultant,127753,780,2914490,34646,1 BHK Apartment,9984891,14832024,Medium,4,Mumbai,Email
HB0491,53,Doctor,278099,653,3291465,10232,Villa,13991359,16742648,Low,7,Mumbai,Phone
HB0492,30,Software Engineer,140950,898,431049,17117,Villa,9319521,14308093,Medium,11,Mumbai,Email
HB0493,55,Banker,215816,664,1161676,14037,Penthouse,14209490,17745535,High,15,Mumbai,Email
HB0494,25,Consultant,232513,878,1200207,55825,3 BHK Apartment,13036978,17527117,Low,16,Mumbai,WhatsApp
HB0495,45,Doctor,229338,663,4329761,50340,2 BHK Flat,11323152,16246732,Medium,19,Mumbai,Email
HB0496,32,Lawyer,262105,840,4802354,56555,Villa,13185696,17755797,Low,19,Mumbai,Phone
HB0497,39,Entrepreneur,121360,843,4458036,35652,2 BHK Flat,9418508,11585640,Medium,12,Mumbai,WhatsApp
HB0498,47,Lawyer,170005,691,1581923,33773,1 BHK Apartment,6958357,9349705,Low,20,Mumbai,WhatsApp
HB0499,33,Entrepreneur,198569,764,1061965,52926,Villa,9782232,13831808,Low,19,Mumbai,WhatsApp
HB0500,51,Sales Manager,56582,880,4077174,14629,Penthouse,12817474,16989324,Medium,6,Mumbai,Email
